run_time,iteration,loss,style_loss,content_loss,time
0.1187,0,5.7769e+08,5.7769e+08,0.0000e+00,0.1187
0.2570,1,8.2634e+08,8.2527e+08,1.0665e+06,0.1109
0.3731,2,8.2634e+08,8.2527e+08,1.0665e+06,0.1153
0.4879,3,8.2634e+08,8.2527e+08,1.0665e+06,0.1142
0.6021,4,8.2634e+08,8.2527e+08,1.0665e+06,0.1134
0.7185,5,8.2634e+08,8.2527e+08,1.0665e+06,0.1158
0.8344,6,8.2634e+08,8.2527e+08,1.0665e+06,0.1149
0.9503,7,8.2634e+08,8.2527e+08,1.0665e+06,0.1152
1.0665,8,8.2634e+08,8.2527e+08,1.0665e+06,0.1156
1.1827,9,8.2634e+08,8.2527e+08,1.0665e+06,0.1157
1.2994,10,8.2634e+08,8.2527e+08,1.0665e+06,0.1161
1.4157,11,8.2634e+08,8.2527e+08,1.0665e+06,0.1155
1.5360,12,8.2634e+08,8.2527e+08,1.0665e+06,0.1195
1.6526,13,8.2634e+08,8.2527e+08,1.0665e+06,0.1158
1.7685,14,8.2634e+08,8.2527e+08,1.0665e+06,0.1152
1.8841,15,8.2634e+08,8.2527e+08,1.0665e+06,0.1150
1.9995,16,8.2634e+08,8.2527e+08,1.0665e+06,0.1146
2.1161,17,8.2634e+08,8.2527e+08,1.0665e+06,0.1159
2.2318,18,8.2634e+08,8.2527e+08,1.0665e+06,0.1150
2.3480,19,8.2634e+08,8.2527e+08,1.0665e+06,0.1156
2.4673,20,8.2634e+08,8.2527e+08,1.0665e+06,0.1186
2.5845,21,8.2634e+08,8.2527e+08,1.0665e+06,0.1164
2.7011,22,8.2634e+08,8.2527e+08,1.0665e+06,0.1158
2.8164,23,8.2634e+08,8.2527e+08,1.0665e+06,0.1146
2.9310,24,8.2634e+08,8.2527e+08,1.0665e+06,0.1139
3.0472,25,8.2634e+08,8.2527e+08,1.0665e+06,0.1155
3.1641,26,8.2634e+08,8.2527e+08,1.0665e+06,0.1161
3.2811,27,8.2634e+08,8.2527e+08,1.0665e+06,0.1163
3.3987,28,8.2634e+08,8.2527e+08,1.0665e+06,0.1168
3.5175,29,8.2634e+08,8.2527e+08,1.0665e+06,0.1181
3.6343,30,8.2634e+08,8.2527e+08,1.0665e+06,0.1159
3.7517,31,8.2634e+08,8.2527e+08,1.0665e+06,0.1166
3.8661,32,8.2634e+08,8.2527e+08,1.0665e+06,0.1137
3.9814,33,8.2634e+08,8.2527e+08,1.0665e+06,0.1146
4.0976,34,8.2634e+08,8.2527e+08,1.0665e+06,0.1155
4.2168,35,8.2634e+08,8.2527e+08,1.0665e+06,0.1186
4.3327,36,8.2634e+08,8.2527e+08,1.0665e+06,0.1153
4.4490,37,8.2634e+08,8.2527e+08,1.0665e+06,0.1157
4.5695,38,8.2634e+08,8.2527e+08,1.0665e+06,0.1198
4.6860,39,8.2634e+08,8.2527e+08,1.0665e+06,0.1157
4.8015,40,8.2634e+08,8.2527e+08,1.0665e+06,0.1148
4.9165,41,8.2634e+08,8.2527e+08,1.0665e+06,0.1143
5.0330,42,8.2634e+08,8.2527e+08,1.0665e+06,0.1158
5.1485,43,8.2634e+08,8.2527e+08,1.0665e+06,0.1148
5.2629,44,8.2634e+08,8.2527e+08,1.0665e+06,0.1137
5.3789,45,8.2634e+08,8.2527e+08,1.0665e+06,0.1154
5.4947,46,8.2634e+08,8.2527e+08,1.0665e+06,0.1151
5.6111,47,8.2634e+08,8.2527e+08,1.0665e+06,0.1157
5.7272,48,8.2634e+08,8.2527e+08,1.0665e+06,0.1153
5.8437,49,8.2634e+08,8.2527e+08,1.0665e+06,0.1157
5.9592,50,8.2634e+08,8.2527e+08,1.0665e+06,0.1147
6.0741,51,8.2634e+08,8.2527e+08,1.0665e+06,0.1142
6.1917,52,8.2634e+08,8.2527e+08,1.0665e+06,0.1168
6.3084,53,8.2634e+08,8.2527e+08,1.0665e+06,0.1160
6.4251,54,8.2634e+08,8.2527e+08,1.0665e+06,0.1160
6.5457,55,8.2634e+08,8.2527e+08,1.0665e+06,0.1130
6.6606,56,8.2634e+08,8.2527e+08,1.0665e+06,0.1141
6.7794,57,8.2634e+08,8.2527e+08,1.0665e+06,0.1181
6.8981,58,8.2634e+08,8.2527e+08,1.0665e+06,0.1178
7.0157,59,8.2634e+08,8.2527e+08,1.0665e+06,0.1169
7.1313,60,8.2634e+08,8.2527e+08,1.0665e+06,0.1149
7.2460,61,8.2634e+08,8.2527e+08,1.0665e+06,0.1141
7.3642,62,8.2634e+08,8.2527e+08,1.0665e+06,0.1175
7.4804,63,8.2634e+08,8.2527e+08,1.0665e+06,0.1153
7.5958,64,8.2634e+08,8.2527e+08,1.0665e+06,0.1147
7.7110,65,8.2634e+08,8.2527e+08,1.0665e+06,0.1146
7.8277,66,8.2634e+08,8.2527e+08,1.0665e+06,0.1160
7.9437,67,8.2634e+08,8.2527e+08,1.0665e+06,0.1154
8.0594,68,8.2634e+08,8.2527e+08,1.0665e+06,0.1150
8.1756,69,8.2634e+08,8.2527e+08,1.0665e+06,0.1154
8.2908,70,8.2634e+08,8.2527e+08,1.0665e+06,0.1145
8.4058,71,8.2634e+08,8.2527e+08,1.0665e+06,0.1144
8.5229,72,8.2634e+08,8.2527e+08,1.0665e+06,0.1164
8.6399,73,8.2634e+08,8.2527e+08,1.0665e+06,0.1162
8.7570,74,8.2634e+08,8.2527e+08,1.0665e+06,0.1164
8.8741,75,8.2634e+08,8.2527e+08,1.0665e+06,0.1163
8.9911,76,8.2634e+08,8.2527e+08,1.0665e+06,0.1161
9.1102,77,8.2634e+08,8.2527e+08,1.0665e+06,0.1184
9.2274,78,8.2634e+08,8.2527e+08,1.0665e+06,0.1162
9.3441,79,8.2634e+08,8.2527e+08,1.0665e+06,0.1160
9.4588,80,8.2634e+08,8.2527e+08,1.0665e+06,0.1140
9.5756,81,8.2634e+08,8.2527e+08,1.0665e+06,0.1160
9.6923,82,8.2634e+08,8.2527e+08,1.0665e+06,0.1160
9.8081,83,8.2634e+08,8.2527e+08,1.0665e+06,0.1151
9.9226,84,8.2634e+08,8.2527e+08,1.0665e+06,0.1138
10.0389,85,8.2634e+08,8.2527e+08,1.0665e+06,0.1156
10.1545,86,8.2634e+08,8.2527e+08,1.0665e+06,0.1150
10.2684,87,8.2634e+08,8.2527e+08,1.0665e+06,0.1133
10.3861,88,8.2634e+08,8.2527e+08,1.0665e+06,0.1170
10.5027,89,8.2634e+08,8.2527e+08,1.0665e+06,0.1159
10.6179,90,8.2634e+08,8.2527e+08,1.0665e+06,0.1145
10.7325,91,8.2634e+08,8.2527e+08,1.0665e+06,0.1140
10.8501,92,8.2634e+08,8.2527e+08,1.0665e+06,0.1168
10.9685,93,8.2634e+08,8.2527e+08,1.0665e+06,0.1174
11.0872,94,8.2634e+08,8.2527e+08,1.0665e+06,0.1179
11.2025,95,8.2634e+08,8.2527e+08,1.0665e+06,0.1145
11.3191,96,8.2634e+08,8.2527e+08,1.0665e+06,0.1159
11.4400,97,8.2634e+08,8.2527e+08,1.0665e+06,0.1202
11.5617,98,8.2634e+08,8.2527e+08,1.0665e+06,0.1143
11.6802,99,8.2634e+08,8.2527e+08,1.0665e+06,0.1178
11.7969,100,8.2634e+08,8.2527e+08,1.0665e+06,0.1159
11.9388,101,8.2634e+08,8.2527e+08,1.0665e+06,0.1127
12.0528,102,8.2634e+08,8.2527e+08,1.0665e+06,0.1133
12.1700,103,8.2634e+08,8.2527e+08,1.0665e+06,0.1165
12.2862,104,8.2634e+08,8.2527e+08,1.0665e+06,0.1154
12.4023,105,8.2634e+08,8.2527e+08,1.0665e+06,0.1154
12.5171,106,8.2634e+08,8.2527e+08,1.0665e+06,0.1141
12.6323,107,8.2634e+08,8.2527e+08,1.0665e+06,0.1145
12.7506,108,8.2634e+08,8.2527e+08,1.0665e+06,0.1177
12.8677,109,8.2634e+08,8.2527e+08,1.0665e+06,0.1163
12.9828,110,8.2634e+08,8.2527e+08,1.0665e+06,0.1144
13.0980,111,8.2634e+08,8.2527e+08,1.0665e+06,0.1146
13.2129,112,8.2634e+08,8.2527e+08,1.0665e+06,0.1143
13.3277,113,8.2634e+08,8.2527e+08,1.0665e+06,0.1141
13.4463,114,8.2634e+08,8.2527e+08,1.0665e+06,0.1177
13.5640,115,8.2634e+08,8.2527e+08,1.0665e+06,0.1169
13.6863,116,8.2634e+08,8.2527e+08,1.0665e+06,0.1215
13.8044,117,8.2634e+08,8.2527e+08,1.0665e+06,0.1170
13.9211,118,8.2634e+08,8.2527e+08,1.0665e+06,0.1160
14.0362,119,8.2634e+08,8.2527e+08,1.0665e+06,0.1143
14.1524,120,8.2634e+08,8.2527e+08,1.0665e+06,0.1154
14.2684,121,8.2634e+08,8.2527e+08,1.0665e+06,0.1152
14.3830,122,8.2634e+08,8.2527e+08,1.0665e+06,0.1140
14.4998,123,8.2634e+08,8.2527e+08,1.0665e+06,0.1162
14.6200,124,8.2634e+08,8.2527e+08,1.0665e+06,0.1195
14.7370,125,8.2634e+08,8.2527e+08,1.0665e+06,0.1161
14.8529,126,8.2634e+08,8.2527e+08,1.0665e+06,0.1151
14.9682,127,8.2634e+08,8.2527e+08,1.0665e+06,0.1146
15.0856,128,8.2634e+08,8.2527e+08,1.0665e+06,0.1167
15.2026,129,8.2634e+08,8.2527e+08,1.0665e+06,0.1162
15.3190,130,8.2634e+08,8.2527e+08,1.0665e+06,0.1156
15.4338,131,8.2634e+08,8.2527e+08,1.0665e+06,0.1141
15.5501,132,8.2634e+08,8.2527e+08,1.0665e+06,0.1156
15.6657,133,8.2634e+08,8.2527e+08,1.0665e+06,0.1147
15.7809,134,8.2634e+08,8.2527e+08,1.0665e+06,0.1144
15.8982,135,8.2634e+08,8.2527e+08,1.0665e+06,0.1164
16.0146,136,8.2634e+08,8.2527e+08,1.0665e+06,0.1157
16.1302,137,8.2634e+08,8.2527e+08,1.0665e+06,0.1151
16.2453,138,8.2634e+08,8.2527e+08,1.0665e+06,0.1144
16.3616,139,8.2634e+08,8.2527e+08,1.0665e+06,0.1156
16.4789,140,8.2634e+08,8.2527e+08,1.0665e+06,0.1165
16.5944,141,8.2634e+08,8.2527e+08,1.0665e+06,0.1147
16.7093,142,8.2634e+08,8.2527e+08,1.0665e+06,0.1143
16.8250,143,8.2634e+08,8.2527e+08,1.0665e+06,0.1151
16.9427,144,8.2634e+08,8.2527e+08,1.0665e+06,0.1168
17.0601,145,8.2634e+08,8.2527e+08,1.0665e+06,0.1165
17.1757,146,8.2634e+08,8.2527e+08,1.0665e+06,0.1147
17.2920,147,8.2634e+08,8.2527e+08,1.0665e+06,0.1156
17.4076,148,8.2634e+08,8.2527e+08,1.0665e+06,0.1150
17.5246,149,8.2634e+08,8.2527e+08,1.0665e+06,0.1163
17.6399,150,8.2634e+08,8.2527e+08,1.0665e+06,0.1143
17.7577,151,8.2634e+08,8.2527e+08,1.0665e+06,0.1171
17.8753,152,8.2634e+08,8.2527e+08,1.0665e+06,0.1164
17.9912,153,8.2634e+08,8.2527e+08,1.0665e+06,0.1152
18.1062,154,8.2634e+08,8.2527e+08,1.0665e+06,0.1143
18.2230,155,8.2634e+08,8.2527e+08,1.0665e+06,0.1161
18.3401,156,8.2634e+08,8.2527e+08,1.0665e+06,0.1161
18.4568,157,8.2634e+08,8.2527e+08,1.0665e+06,0.1159
18.5721,158,8.2634e+08,8.2527e+08,1.0665e+06,0.1146
18.6885,159,8.2634e+08,8.2527e+08,1.0665e+06,0.1157
18.8059,160,8.2634e+08,8.2527e+08,1.0665e+06,0.1167
18.9214,161,8.2634e+08,8.2527e+08,1.0665e+06,0.1145
19.0367,162,8.2634e+08,8.2527e+08,1.0665e+06,0.1145
19.1528,163,8.2634e+08,8.2527e+08,1.0665e+06,0.1154
19.2674,164,8.2634e+08,8.2527e+08,1.0665e+06,0.1140
19.3828,165,8.2634e+08,8.2527e+08,1.0665e+06,0.1147
19.5001,166,8.2634e+08,8.2527e+08,1.0665e+06,0.1166
19.6161,167,8.2634e+08,8.2527e+08,1.0665e+06,0.1149
19.7307,168,8.2634e+08,8.2527e+08,1.0665e+06,0.1139
19.8487,169,8.2634e+08,8.2527e+08,1.0665e+06,0.1172
19.9677,170,8.2634e+08,8.2527e+08,1.0665e+06,0.1183
20.0863,171,8.2634e+08,8.2527e+08,1.0665e+06,0.1177
20.2042,172,8.2634e+08,8.2527e+08,1.0665e+06,0.1170
20.3184,173,8.2634e+08,8.2527e+08,1.0665e+06,0.1135
20.4343,174,8.2634e+08,8.2527e+08,1.0665e+06,0.1153
20.5508,175,8.2634e+08,8.2527e+08,1.0665e+06,0.1159
20.6739,176,8.2634e+08,8.2527e+08,1.0665e+06,0.1222
20.7884,177,8.2634e+08,8.2527e+08,1.0665e+06,0.1136
20.9046,178,8.2634e+08,8.2527e+08,1.0665e+06,0.1154
21.0211,179,8.2634e+08,8.2527e+08,1.0665e+06,0.1158
21.1388,180,8.2634e+08,8.2527e+08,1.0665e+06,0.1169
21.2563,181,8.2634e+08,8.2527e+08,1.0665e+06,0.1168
21.3711,182,8.2634e+08,8.2527e+08,1.0665e+06,0.1141
21.4885,183,8.2634e+08,8.2527e+08,1.0665e+06,0.1165
21.6063,184,8.2634e+08,8.2527e+08,1.0665e+06,0.1172
21.7241,185,8.2634e+08,8.2527e+08,1.0665e+06,0.1171
21.8401,186,8.2634e+08,8.2527e+08,1.0665e+06,0.1152
21.9561,187,8.2634e+08,8.2527e+08,1.0665e+06,0.1152
22.0721,188,8.2634e+08,8.2527e+08,1.0665e+06,0.1153
22.1880,189,8.2634e+08,8.2527e+08,1.0665e+06,0.1153
22.3024,190,8.2634e+08,8.2527e+08,1.0665e+06,0.1137
22.4189,191,8.2634e+08,8.2527e+08,1.0665e+06,0.1158
22.5351,192,8.2634e+08,8.2527e+08,1.0665e+06,0.1152
22.6569,193,8.2634e+08,8.2527e+08,1.0665e+06,0.1210
22.7736,194,8.2634e+08,8.2527e+08,1.0665e+06,0.1161
22.8880,195,8.2634e+08,8.2527e+08,1.0665e+06,0.1138
23.0049,196,8.2634e+08,8.2527e+08,1.0665e+06,0.1162
23.1208,197,8.2634e+08,8.2527e+08,1.0665e+06,0.1152
23.2357,198,8.2634e+08,8.2527e+08,1.0665e+06,0.1142
23.3520,199,8.2634e+08,8.2527e+08,1.0665e+06,0.1156
23.4678,200,8.2634e+08,8.2527e+08,1.0665e+06,0.1152
23.6007,201,8.2634e+08,8.2527e+08,1.0665e+06,0.1127
23.7188,202,8.2634e+08,8.2527e+08,1.0665e+06,0.1174
23.8362,203,8.2634e+08,8.2527e+08,1.0665e+06,0.1165
23.9526,204,8.2634e+08,8.2527e+08,1.0665e+06,0.1156
24.0675,205,8.2634e+08,8.2527e+08,1.0665e+06,0.1142
24.1850,206,8.2634e+08,8.2527e+08,1.0665e+06,0.1167
24.3037,207,8.2634e+08,8.2527e+08,1.0665e+06,0.1179
24.4234,208,8.2634e+08,8.2527e+08,1.0665e+06,0.1186
24.5429,209,8.2634e+08,8.2527e+08,1.0665e+06,0.1187
24.6580,210,8.2634e+08,8.2527e+08,1.0665e+06,0.1141
24.7751,211,8.2634e+08,8.2527e+08,1.0665e+06,0.1164
24.8922,212,8.2634e+08,8.2527e+08,1.0665e+06,0.1163
25.0085,213,8.2634e+08,8.2527e+08,1.0665e+06,0.1154
25.1233,214,8.2634e+08,8.2527e+08,1.0665e+06,0.1140
25.2389,215,8.2634e+08,8.2527e+08,1.0665e+06,0.1149
25.3583,216,8.2634e+08,8.2527e+08,1.0665e+06,0.1187
25.4777,217,8.2634e+08,8.2527e+08,1.0665e+06,0.1183
25.5978,218,8.2634e+08,8.2527e+08,1.0665e+06,0.1193
25.7147,219,8.2634e+08,8.2527e+08,1.0665e+06,0.1162
25.8328,220,8.2634e+08,8.2527e+08,1.0665e+06,0.1174
25.9488,221,8.2634e+08,8.2527e+08,1.0665e+06,0.1154
26.0662,222,8.2634e+08,8.2527e+08,1.0665e+06,0.1167
26.1814,223,8.2634e+08,8.2527e+08,1.0665e+06,0.1145
26.2957,224,8.2634e+08,8.2527e+08,1.0665e+06,0.1136
26.4117,225,8.2634e+08,8.2527e+08,1.0665e+06,0.1152
26.5274,226,8.2634e+08,8.2527e+08,1.0665e+06,0.1151
26.6425,227,8.2634e+08,8.2527e+08,1.0665e+06,0.1144
26.7604,228,8.2634e+08,8.2527e+08,1.0665e+06,0.1173
26.8759,229,8.2634e+08,8.2527e+08,1.0665e+06,0.1148
26.9919,230,8.2634e+08,8.2527e+08,1.0665e+06,0.1154
27.1070,231,8.2634e+08,8.2527e+08,1.0665e+06,0.1143
27.2243,232,8.2634e+08,8.2527e+08,1.0665e+06,0.1167
27.3412,233,8.2634e+08,8.2527e+08,1.0665e+06,0.1162
27.4570,234,8.2634e+08,8.2527e+08,1.0665e+06,0.1151
27.5723,235,8.2634e+08,8.2527e+08,1.0665e+06,0.1145
27.6897,236,8.2634e+08,8.2527e+08,1.0665e+06,0.1167
27.8066,237,8.2634e+08,8.2527e+08,1.0665e+06,0.1161
27.9234,238,8.2634e+08,8.2527e+08,1.0665e+06,0.1161
28.0381,239,8.2634e+08,8.2527e+08,1.0665e+06,0.1139
28.1533,240,8.2634e+08,8.2527e+08,1.0665e+06,0.1145
28.2680,241,8.2634e+08,8.2527e+08,1.0665e+06,0.1140
28.3833,242,8.2634e+08,8.2527e+08,1.0665e+06,0.1147
28.5001,243,8.2634e+08,8.2527e+08,1.0665e+06,0.1160
28.6168,244,8.2634e+08,8.2527e+08,1.0665e+06,0.1160
28.7322,245,8.2634e+08,8.2527e+08,1.0665e+06,0.1147
28.8479,246,8.2634e+08,8.2527e+08,1.0665e+06,0.1149
28.9648,247,8.2634e+08,8.2527e+08,1.0665e+06,0.1163
29.0814,248,8.2634e+08,8.2527e+08,1.0665e+06,0.1156
29.1976,249,8.2634e+08,8.2527e+08,1.0665e+06,0.1155
29.3127,250,8.2634e+08,8.2527e+08,1.0665e+06,0.1144
29.4292,251,8.2634e+08,8.2527e+08,1.0665e+06,0.1159
29.5442,252,8.2634e+08,8.2527e+08,1.0665e+06,0.1143
29.6597,253,8.2634e+08,8.2527e+08,1.0665e+06,0.1148
29.7772,254,8.2634e+08,8.2527e+08,1.0665e+06,0.1168
29.8968,255,8.2634e+08,8.2527e+08,1.0665e+06,0.1189
30.0132,256,8.2634e+08,8.2527e+08,1.0665e+06,0.1157
30.1269,257,8.2634e+08,8.2527e+08,1.0665e+06,0.1130
30.2436,258,8.2634e+08,8.2527e+08,1.0665e+06,0.1161
30.3604,259,8.2634e+08,8.2527e+08,1.0665e+06,0.1161
30.4768,260,8.2634e+08,8.2527e+08,1.0665e+06,0.1156
30.5921,261,8.2634e+08,8.2527e+08,1.0665e+06,0.1146
30.7088,262,8.2634e+08,8.2527e+08,1.0665e+06,0.1159
30.8281,263,8.2634e+08,8.2527e+08,1.0665e+06,0.1183
30.9442,264,8.2634e+08,8.2527e+08,1.0665e+06,0.1152
31.0592,265,8.2634e+08,8.2527e+08,1.0665e+06,0.1143
31.1757,266,8.2634e+08,8.2527e+08,1.0665e+06,0.1158
31.2916,267,8.2634e+08,8.2527e+08,1.0665e+06,0.1152
31.4079,268,8.2634e+08,8.2527e+08,1.0665e+06,0.1156
31.5240,269,8.2634e+08,8.2527e+08,1.0665e+06,0.1154
31.6403,270,8.2634e+08,8.2527e+08,1.0665e+06,0.1156
31.7570,271,8.2634e+08,8.2527e+08,1.0665e+06,0.1160
31.8728,272,8.2634e+08,8.2527e+08,1.0665e+06,0.1152
31.9901,273,8.2634e+08,8.2527e+08,1.0665e+06,0.1165
32.1091,274,8.2634e+08,8.2527e+08,1.0665e+06,0.1182
32.2252,275,8.2634e+08,8.2527e+08,1.0665e+06,0.1153
32.3424,276,8.2634e+08,8.2527e+08,1.0665e+06,0.1165
32.4578,277,8.2634e+08,8.2527e+08,1.0665e+06,0.1147
32.5754,278,8.2634e+08,8.2527e+08,1.0665e+06,0.1169
32.6932,279,8.2634e+08,8.2527e+08,1.0665e+06,0.1172
32.8096,280,8.2634e+08,8.2527e+08,1.0665e+06,0.1156
32.9268,281,8.2634e+08,8.2527e+08,1.0665e+06,0.1165
33.0419,282,8.2634e+08,8.2527e+08,1.0665e+06,0.1145
33.1581,283,8.2634e+08,8.2527e+08,1.0665e+06,0.1155
33.2753,284,8.2634e+08,8.2527e+08,1.0665e+06,0.1165
33.3911,285,8.2634e+08,8.2527e+08,1.0665e+06,0.1151
33.5080,286,8.2634e+08,8.2527e+08,1.0665e+06,0.1162
33.6272,287,8.2634e+08,8.2527e+08,1.0665e+06,0.1184
33.7436,288,8.2634e+08,8.2527e+08,1.0665e+06,0.1155
33.8604,289,8.2634e+08,8.2527e+08,1.0665e+06,0.1160
33.9775,290,8.2634e+08,8.2527e+08,1.0665e+06,0.1142
34.0948,291,8.2634e+08,8.2527e+08,1.0665e+06,0.1165
34.2113,292,8.2634e+08,8.2527e+08,1.0665e+06,0.1158
34.3278,293,8.2634e+08,8.2527e+08,1.0665e+06,0.1158
34.4432,294,8.2634e+08,8.2527e+08,1.0665e+06,0.1147
34.5593,295,8.2634e+08,8.2527e+08,1.0665e+06,0.1153
34.6759,296,8.2634e+08,8.2527e+08,1.0665e+06,0.1156
34.7909,297,8.2634e+08,8.2527e+08,1.0665e+06,0.1142
34.9069,298,8.2634e+08,8.2527e+08,1.0665e+06,0.1153
35.0240,299,8.2634e+08,8.2527e+08,1.0665e+06,0.1164
35.1407,300,8.2634e+08,8.2527e+08,1.0665e+06,0.1159
35.2733,301,8.2634e+08,8.2527e+08,1.0665e+06,0.1110
35.3898,302,8.2634e+08,8.2527e+08,1.0665e+06,0.1158
35.5064,303,8.2634e+08,8.2527e+08,1.0665e+06,0.1159
35.6228,304,8.2634e+08,8.2527e+08,1.0665e+06,0.1156
35.7386,305,8.2634e+08,8.2527e+08,1.0665e+06,0.1151
35.8559,306,8.2634e+08,8.2527e+08,1.0665e+06,0.1166
35.9736,307,8.2634e+08,8.2527e+08,1.0665e+06,0.1170
36.0897,308,8.2634e+08,8.2527e+08,1.0665e+06,0.1154
36.2049,309,8.2634e+08,8.2527e+08,1.0665e+06,0.1146
36.3217,310,8.2634e+08,8.2527e+08,1.0665e+06,0.1160
36.4377,311,8.2634e+08,8.2527e+08,1.0665e+06,0.1153
36.5522,312,8.2634e+08,8.2527e+08,1.0665e+06,0.1138
36.6691,313,8.2634e+08,8.2527e+08,1.0665e+06,0.1162
36.7857,314,8.2634e+08,8.2527e+08,1.0665e+06,0.1160
36.9043,315,8.2634e+08,8.2527e+08,1.0665e+06,0.1179
37.0192,316,8.2634e+08,8.2527e+08,1.0665e+06,0.1140
37.1360,317,8.2634e+08,8.2527e+08,1.0665e+06,0.1160
37.2538,318,8.2634e+08,8.2527e+08,1.0665e+06,0.1171
37.3701,319,8.2634e+08,8.2527e+08,1.0665e+06,0.1156
37.4851,320,8.2634e+08,8.2527e+08,1.0665e+06,0.1143
37.6028,321,8.2634e+08,8.2527e+08,1.0665e+06,0.1169
37.7201,322,8.2634e+08,8.2527e+08,1.0665e+06,0.1165
37.8365,323,8.2634e+08,8.2527e+08,1.0665e+06,0.1155
37.9516,324,8.2634e+08,8.2527e+08,1.0665e+06,0.1144
38.0680,325,8.2634e+08,8.2527e+08,1.0665e+06,0.1158
38.1849,326,8.2634e+08,8.2527e+08,1.0665e+06,0.1162
38.3010,327,8.2634e+08,8.2527e+08,1.0665e+06,0.1154
38.4154,328,8.2634e+08,8.2527e+08,1.0665e+06,0.1137
38.5311,329,8.2634e+08,8.2527e+08,1.0665e+06,0.1151
38.6478,330,8.2634e+08,8.2527e+08,1.0665e+06,0.1161
38.7651,331,8.2634e+08,8.2527e+08,1.0665e+06,0.1166
38.8819,332,8.2634e+08,8.2527e+08,1.0665e+06,0.1160
39.0048,333,8.2634e+08,8.2527e+08,1.0665e+06,0.1222
39.1223,334,8.2634e+08,8.2527e+08,1.0665e+06,0.1167
39.2390,335,8.2634e+08,8.2527e+08,1.0665e+06,0.1160
39.3555,336,8.2634e+08,8.2527e+08,1.0665e+06,0.1157
39.4709,337,8.2634e+08,8.2527e+08,1.0665e+06,0.1146
39.5887,338,8.2634e+08,8.2527e+08,1.0665e+06,0.1170
39.7060,339,8.2634e+08,8.2527e+08,1.0665e+06,0.1165
39.8225,340,8.2634e+08,8.2527e+08,1.0665e+06,0.1159
39.9396,341,8.2634e+08,8.2527e+08,1.0665e+06,0.1163
40.0550,342,8.2634e+08,8.2527e+08,1.0665e+06,0.1142
40.1716,343,8.2634e+08,8.2527e+08,1.0665e+06,0.1158
40.2873,344,8.2634e+08,8.2527e+08,1.0665e+06,0.1149
40.4018,345,8.2634e+08,8.2527e+08,1.0665e+06,0.1138
40.5197,346,8.2634e+08,8.2527e+08,1.0665e+06,0.1171
40.6364,347,8.2634e+08,8.2527e+08,1.0665e+06,0.1160
40.7554,348,8.2634e+08,8.2527e+08,1.0665e+06,0.1182
40.8710,349,8.2634e+08,8.2527e+08,1.0665e+06,0.1149
40.9870,350,8.2634e+08,8.2527e+08,1.0665e+06,0.1153
41.1038,351,8.2634e+08,8.2527e+08,1.0665e+06,0.1162
41.2203,352,8.2634e+08,8.2527e+08,1.0665e+06,0.1158
41.3343,353,8.2634e+08,8.2527e+08,1.0665e+06,0.1132
41.4502,354,8.2634e+08,8.2527e+08,1.0665e+06,0.1152
41.5648,355,8.2634e+08,8.2527e+08,1.0665e+06,0.1139
41.6801,356,8.2634e+08,8.2527e+08,1.0665e+06,0.1147
41.7971,357,8.2634e+08,8.2527e+08,1.0665e+06,0.1161
41.9137,358,8.2634e+08,8.2527e+08,1.0665e+06,0.1159
42.0310,359,8.2634e+08,8.2527e+08,1.0665e+06,0.1166
42.1450,360,8.2634e+08,8.2527e+08,1.0665e+06,0.1134
42.2624,361,8.2634e+08,8.2527e+08,1.0665e+06,0.1167
42.3835,362,8.2634e+08,8.2527e+08,1.0665e+06,0.1204
42.4999,363,8.2634e+08,8.2527e+08,1.0665e+06,0.1156
42.6154,364,8.2634e+08,8.2527e+08,1.0665e+06,0.1148
42.7303,365,8.2634e+08,8.2527e+08,1.0665e+06,0.1142
42.8480,366,8.2634e+08,8.2527e+08,1.0665e+06,0.1170
42.9647,367,8.2634e+08,8.2527e+08,1.0665e+06,0.1159
43.0811,368,8.2634e+08,8.2527e+08,1.0665e+06,0.1156
43.1967,369,8.2634e+08,8.2527e+08,1.0665e+06,0.1150
43.3144,370,8.2634e+08,8.2527e+08,1.0665e+06,0.1167
43.4322,371,8.2634e+08,8.2527e+08,1.0665e+06,0.1167
43.5489,372,8.2634e+08,8.2527e+08,1.0665e+06,0.1159
43.6646,373,8.2634e+08,8.2527e+08,1.0665e+06,0.1150
43.7838,374,8.2634e+08,8.2527e+08,1.0665e+06,0.1183
43.9017,375,8.2634e+08,8.2527e+08,1.0665e+06,0.1170
44.0211,376,8.2634e+08,8.2527e+08,1.0665e+06,0.1181
44.1407,377,8.2634e+08,8.2527e+08,1.0665e+06,0.1185
44.2561,378,8.2634e+08,8.2527e+08,1.0665e+06,0.1146
44.3726,379,8.2634e+08,8.2527e+08,1.0665e+06,0.1157
44.4888,380,8.2634e+08,8.2527e+08,1.0665e+06,0.1153
44.6051,381,8.2634e+08,8.2527e+08,1.0665e+06,0.1156
44.7204,382,8.2634e+08,8.2527e+08,1.0665e+06,0.1145
44.8377,383,8.2634e+08,8.2527e+08,1.0665e+06,0.1163
44.9559,384,8.2634e+08,8.2527e+08,1.0665e+06,0.1172
45.0796,385,8.2634e+08,8.2527e+08,1.0665e+06,0.1229
45.1984,386,8.2634e+08,8.2527e+08,1.0665e+06,0.1179
45.3153,387,8.2634e+08,8.2527e+08,1.0665e+06,0.1161
45.4309,388,8.2634e+08,8.2527e+08,1.0665e+06,0.1148
45.5465,389,8.2634e+08,8.2527e+08,1.0665e+06,0.1148
45.6642,390,8.2634e+08,8.2527e+08,1.0665e+06,0.1169
45.7816,391,8.2634e+08,8.2527e+08,1.0665e+06,0.1166
45.8982,392,8.2634e+08,8.2527e+08,1.0665e+06,0.1158
46.0169,393,8.2634e+08,8.2527e+08,1.0665e+06,0.1178
46.1343,394,8.2634e+08,8.2527e+08,1.0665e+06,0.1145
46.2520,395,8.2634e+08,8.2527e+08,1.0665e+06,0.1169
46.3680,396,8.2634e+08,8.2527e+08,1.0665e+06,0.1152
46.4835,397,8.2634e+08,8.2527e+08,1.0665e+06,0.1146
46.6005,398,8.2634e+08,8.2527e+08,1.0665e+06,0.1162
46.7177,399,8.2634e+08,8.2527e+08,1.0665e+06,0.1165
46.8346,400,8.2634e+08,8.2527e+08,1.0665e+06,0.1161
46.9674,401,8.2634e+08,8.2527e+08,1.0665e+06,0.1116
47.0843,402,8.2634e+08,8.2527e+08,1.0665e+06,0.1162
47.2006,403,8.2634e+08,8.2527e+08,1.0665e+06,0.1155
47.3168,404,8.2634e+08,8.2527e+08,1.0665e+06,0.1154
47.4318,405,8.2634e+08,8.2527e+08,1.0665e+06,0.1142
47.5488,406,8.2634e+08,8.2527e+08,1.0665e+06,0.1164
47.6668,407,8.2634e+08,8.2527e+08,1.0665e+06,0.1171
47.7854,408,8.2634e+08,8.2527e+08,1.0665e+06,0.1177
47.9025,409,8.2634e+08,8.2527e+08,1.0665e+06,0.1161
48.0195,410,8.2634e+08,8.2527e+08,1.0665e+06,0.1162
48.1371,411,8.2634e+08,8.2527e+08,1.0665e+06,0.1168
48.2533,412,8.2634e+08,8.2527e+08,1.0665e+06,0.1156
48.3691,413,8.2634e+08,8.2527e+08,1.0665e+06,0.1150
48.4855,414,8.2634e+08,8.2527e+08,1.0665e+06,0.1155
48.6026,415,8.2634e+08,8.2527e+08,1.0665e+06,0.1164
48.7190,416,8.2634e+08,8.2527e+08,1.0665e+06,0.1157
48.8354,417,8.2634e+08,8.2527e+08,1.0665e+06,0.1157
48.9535,418,8.2634e+08,8.2527e+08,1.0665e+06,0.1172
49.0720,419,8.2634e+08,8.2527e+08,1.0665e+06,0.1177
49.1902,420,8.2634e+08,8.2527e+08,1.0665e+06,0.1174
49.3060,421,8.2634e+08,8.2527e+08,1.0665e+06,0.1150
49.4204,422,8.2634e+08,8.2527e+08,1.0665e+06,0.1137
49.5380,423,8.2634e+08,8.2527e+08,1.0665e+06,0.1169
49.6551,424,8.2634e+08,8.2527e+08,1.0665e+06,0.1162
49.7727,425,8.2634e+08,8.2527e+08,1.0665e+06,0.1168
49.8890,426,8.2634e+08,8.2527e+08,1.0665e+06,0.1155
50.0052,427,8.2634e+08,8.2527e+08,1.0665e+06,0.1155
50.1243,428,8.2634e+08,8.2527e+08,1.0665e+06,0.1184
50.2425,429,8.2634e+08,8.2527e+08,1.0665e+06,0.1173
50.3602,430,8.2634e+08,8.2527e+08,1.0665e+06,0.1169
50.4755,431,8.2634e+08,8.2527e+08,1.0665e+06,0.1146
50.5922,432,8.2634e+08,8.2527e+08,1.0665e+06,0.1159
50.7093,433,8.2634e+08,8.2527e+08,1.0665e+06,0.1164
50.8264,434,8.2634e+08,8.2527e+08,1.0665e+06,0.1162
50.9412,435,8.2634e+08,8.2527e+08,1.0665e+06,0.1141
51.0571,436,8.2634e+08,8.2527e+08,1.0665e+06,0.1153
51.1739,437,8.2634e+08,8.2527e+08,1.0665e+06,0.1159
51.2904,438,8.2634e+08,8.2527e+08,1.0665e+06,0.1159
51.4052,439,8.2634e+08,8.2527e+08,1.0665e+06,0.1141
51.5213,440,8.2634e+08,8.2527e+08,1.0665e+06,0.1153
51.6392,441,8.2634e+08,8.2527e+08,1.0665e+06,0.1170
51.7562,442,8.2634e+08,8.2527e+08,1.0665e+06,0.1163
51.8720,443,8.2634e+08,8.2527e+08,1.0665e+06,0.1151
51.9888,444,8.2634e+08,8.2527e+08,1.0665e+06,0.1161
52.1052,445,8.2634e+08,8.2527e+08,1.0665e+06,0.1157
52.2211,446,8.2634e+08,8.2527e+08,1.0665e+06,0.1152
52.3357,447,8.2634e+08,8.2527e+08,1.0665e+06,0.1138
52.4527,448,8.2634e+08,8.2527e+08,1.0665e+06,0.1163
52.5697,449,8.2634e+08,8.2527e+08,1.0665e+06,0.1162
52.6848,450,8.2634e+08,8.2527e+08,1.0665e+06,0.1143
52.8011,451,8.2634e+08,8.2527e+08,1.0665e+06,0.1156
52.9207,452,8.2634e+08,8.2527e+08,1.0665e+06,0.1190
53.0362,453,8.2634e+08,8.2527e+08,1.0665e+06,0.1146
53.1522,454,8.2634e+08,8.2527e+08,1.0665e+06,0.1153
53.2681,455,8.2634e+08,8.2527e+08,1.0665e+06,0.1152
53.3843,456,8.2634e+08,8.2527e+08,1.0665e+06,0.1155
53.4998,457,8.2634e+08,8.2527e+08,1.0665e+06,0.1147
53.6147,458,8.2634e+08,8.2527e+08,1.0665e+06,0.1143
53.7310,459,8.2634e+08,8.2527e+08,1.0665e+06,0.1157
53.8481,460,8.2634e+08,8.2527e+08,1.0665e+06,0.1160
53.9635,461,8.2634e+08,8.2527e+08,1.0665e+06,0.1147
54.0785,462,8.2634e+08,8.2527e+08,1.0665e+06,0.1144
54.1993,463,8.2634e+08,8.2527e+08,1.0665e+06,0.1201
54.3167,464,8.2634e+08,8.2527e+08,1.0665e+06,0.1167
54.4332,465,8.2634e+08,8.2527e+08,1.0665e+06,0.1157
54.5475,466,8.2634e+08,8.2527e+08,1.0665e+06,0.1136
54.6638,467,8.2634e+08,8.2527e+08,1.0665e+06,0.1157
54.7809,468,8.2634e+08,8.2527e+08,1.0665e+06,0.1165
54.8973,469,8.2634e+08,8.2527e+08,1.0665e+06,0.1156
55.0124,470,8.2634e+08,8.2527e+08,1.0665e+06,0.1144
55.1295,471,8.2634e+08,8.2527e+08,1.0665e+06,0.1163
55.2454,472,8.2634e+08,8.2527e+08,1.0665e+06,0.1149
55.3606,473,8.2634e+08,8.2527e+08,1.0665e+06,0.1144
55.4769,474,8.2634e+08,8.2527e+08,1.0665e+06,0.1156
55.5942,475,8.2634e+08,8.2527e+08,1.0665e+06,0.1166
55.7112,476,8.2634e+08,8.2527e+08,1.0665e+06,0.1162
55.8268,477,8.2634e+08,8.2527e+08,1.0665e+06,0.1149
55.9419,478,8.2634e+08,8.2527e+08,1.0665e+06,0.1143
56.0577,479,8.2634e+08,8.2527e+08,1.0665e+06,0.1152
56.1739,480,8.2634e+08,8.2527e+08,1.0665e+06,0.1155
56.2886,481,8.2634e+08,8.2527e+08,1.0665e+06,0.1140
56.4043,482,8.2634e+08,8.2527e+08,1.0665e+06,0.1151
56.5192,483,8.2634e+08,8.2527e+08,1.0665e+06,0.1142
56.6333,484,8.2634e+08,8.2527e+08,1.0665e+06,0.1134
56.7508,485,8.2634e+08,8.2527e+08,1.0665e+06,0.1169
56.8668,486,8.2634e+08,8.2527e+08,1.0665e+06,0.1153
56.9825,487,8.2634e+08,8.2527e+08,1.0665e+06,0.1150
57.0973,488,8.2634e+08,8.2527e+08,1.0665e+06,0.1141
57.2131,489,8.2634e+08,8.2527e+08,1.0665e+06,0.1151
57.3288,490,8.2634e+08,8.2527e+08,1.0665e+06,0.1151
57.4443,491,8.2634e+08,8.2527e+08,1.0665e+06,0.1148
57.5609,492,8.2634e+08,8.2527e+08,1.0665e+06,0.1159
57.6767,493,8.2634e+08,8.2527e+08,1.0665e+06,0.1149
57.7922,494,8.2634e+08,8.2527e+08,1.0665e+06,0.1147
57.9083,495,8.2634e+08,8.2527e+08,1.0665e+06,0.1154
58.0258,496,8.2634e+08,8.2527e+08,1.0665e+06,0.1168
58.1422,497,8.2634e+08,8.2527e+08,1.0665e+06,0.1156
58.2571,498,8.2634e+08,8.2527e+08,1.0665e+06,0.1142
58.3738,499,8.2634e+08,8.2527e+08,1.0665e+06,0.1160
58.4907,500,8.2634e+08,8.2527e+08,1.0665e+06,0.1162
58.6298,501,8.2634e+08,8.2527e+08,1.0665e+06,0.1124
58.7457,502,8.2634e+08,8.2527e+08,1.0665e+06,0.1152
58.8613,503,8.2634e+08,8.2527e+08,1.0665e+06,0.1140
58.9770,504,8.2634e+08,8.2527e+08,1.0665e+06,0.1149
59.0929,505,8.2634e+08,8.2527e+08,1.0665e+06,0.1153
59.2082,506,8.2634e+08,8.2527e+08,1.0665e+06,0.1146
59.3244,507,8.2634e+08,8.2527e+08,1.0665e+06,0.1154
59.4410,508,8.2634e+08,8.2527e+08,1.0665e+06,0.1157
59.5564,509,8.2634e+08,8.2527e+08,1.0665e+06,0.1148
59.6718,510,8.2634e+08,8.2527e+08,1.0665e+06,0.1147
59.7888,511,8.2634e+08,8.2527e+08,1.0665e+06,0.1163
59.9043,512,8.2634e+08,8.2527e+08,1.0665e+06,0.1148
60.0187,513,8.2634e+08,8.2527e+08,1.0665e+06,0.1137
60.1347,514,8.2634e+08,8.2527e+08,1.0665e+06,0.1153
60.2497,515,8.2634e+08,8.2527e+08,1.0665e+06,0.1144
60.3643,516,8.2634e+08,8.2527e+08,1.0665e+06,0.1140
60.4820,517,8.2634e+08,8.2527e+08,1.0665e+06,0.1169
60.6010,518,8.2634e+08,8.2527e+08,1.0665e+06,0.1183
60.7172,519,8.2634e+08,8.2527e+08,1.0665e+06,0.1152
60.8321,520,8.2634e+08,8.2527e+08,1.0665e+06,0.1142
60.9492,521,8.2634e+08,8.2527e+08,1.0665e+06,0.1164
61.0664,522,8.2634e+08,8.2527e+08,1.0665e+06,0.1164
61.1826,523,8.2634e+08,8.2527e+08,1.0665e+06,0.1154
61.2975,524,8.2634e+08,8.2527e+08,1.0665e+06,0.1142
61.4158,525,8.2634e+08,8.2527e+08,1.0665e+06,0.1176
61.5338,526,8.2634e+08,8.2527e+08,1.0665e+06,0.1173
61.6524,527,8.2634e+08,8.2527e+08,1.0665e+06,0.1174
61.7718,528,8.2634e+08,8.2527e+08,1.0665e+06,0.1186
61.8874,529,8.2634e+08,8.2527e+08,1.0665e+06,0.1148
62.0037,530,8.2634e+08,8.2527e+08,1.0665e+06,0.1156
62.1209,531,8.2634e+08,8.2527e+08,1.0665e+06,0.1165
62.2375,532,8.2634e+08,8.2527e+08,1.0665e+06,0.1159
62.3517,533,8.2634e+08,8.2527e+08,1.0665e+06,0.1135
62.4680,534,8.2634e+08,8.2527e+08,1.0665e+06,0.1157
62.5845,535,8.2634e+08,8.2527e+08,1.0665e+06,0.1158
62.7010,536,8.2634e+08,8.2527e+08,1.0665e+06,0.1159
62.8159,537,8.2634e+08,8.2527e+08,1.0665e+06,0.1141
62.9320,538,8.2634e+08,8.2527e+08,1.0665e+06,0.1154
63.0471,539,8.2634e+08,8.2527e+08,1.0665e+06,0.1144
63.1622,540,8.2634e+08,8.2527e+08,1.0665e+06,0.1144
63.2802,541,8.2634e+08,8.2527e+08,1.0665e+06,0.1173
63.3982,542,8.2634e+08,8.2527e+08,1.0665e+06,0.1172
63.5143,543,8.2634e+08,8.2527e+08,1.0665e+06,0.1154
63.6295,544,8.2634e+08,8.2527e+08,1.0665e+06,0.1143
63.7466,545,8.2634e+08,8.2527e+08,1.0665e+06,0.1163
63.8639,546,8.2634e+08,8.2527e+08,1.0665e+06,0.1165
63.9805,547,8.2634e+08,8.2527e+08,1.0665e+06,0.1158
64.0968,548,8.2634e+08,8.2527e+08,1.0665e+06,0.1155
64.2114,549,8.2634e+08,8.2527e+08,1.0665e+06,0.1139
64.3277,550,8.2634e+08,8.2527e+08,1.0665e+06,0.1155
64.4426,551,8.2634e+08,8.2527e+08,1.0665e+06,0.1143
64.5573,552,8.2634e+08,8.2527e+08,1.0665e+06,0.1140
64.6745,553,8.2634e+08,8.2527e+08,1.0665e+06,0.1164
64.7902,554,8.2634e+08,8.2527e+08,1.0665e+06,0.1150
64.9044,555,8.2634e+08,8.2527e+08,1.0665e+06,0.1135
65.0204,556,8.2634e+08,8.2527e+08,1.0665e+06,0.1153
65.1384,557,8.2634e+08,8.2527e+08,1.0665e+06,0.1174
65.2546,558,8.2634e+08,8.2527e+08,1.0665e+06,0.1155
65.3687,559,8.2634e+08,8.2527e+08,1.0665e+06,0.1134
65.4843,560,8.2634e+08,8.2527e+08,1.0665e+06,0.1150
65.6000,561,8.2634e+08,8.2527e+08,1.0665e+06,0.1151
65.7149,562,8.2634e+08,8.2527e+08,1.0665e+06,0.1142
65.8321,563,8.2634e+08,8.2527e+08,1.0665e+06,0.1164
65.9495,564,8.2634e+08,8.2527e+08,1.0665e+06,0.1167
66.0655,565,8.2634e+08,8.2527e+08,1.0665e+06,0.1153
66.1802,566,8.2634e+08,8.2527e+08,1.0665e+06,0.1139
66.2975,567,8.2634e+08,8.2527e+08,1.0665e+06,0.1166
66.4146,568,8.2634e+08,8.2527e+08,1.0665e+06,0.1164
66.5311,569,8.2634e+08,8.2527e+08,1.0665e+06,0.1157
66.6456,570,8.2634e+08,8.2527e+08,1.0665e+06,0.1138
66.7630,571,8.2634e+08,8.2527e+08,1.0665e+06,0.1167
66.8795,572,8.2634e+08,8.2527e+08,1.0665e+06,0.1158
66.9955,573,8.2634e+08,8.2527e+08,1.0665e+06,0.1152
67.1106,574,8.2634e+08,8.2527e+08,1.0665e+06,0.1144
67.2260,575,8.2634e+08,8.2527e+08,1.0665e+06,0.1147
67.3444,576,8.2634e+08,8.2527e+08,1.0665e+06,0.1178
67.4610,577,8.2634e+08,8.2527e+08,1.0665e+06,0.1158
67.5779,578,8.2634e+08,8.2527e+08,1.0665e+06,0.1163
67.6949,579,8.2634e+08,8.2527e+08,1.0665e+06,0.1162
67.8108,580,8.2634e+08,8.2527e+08,1.0665e+06,0.1151
67.9252,581,8.2634e+08,8.2527e+08,1.0665e+06,0.1138
68.0403,582,8.2634e+08,8.2527e+08,1.0665e+06,0.1144
68.1570,583,8.2634e+08,8.2527e+08,1.0665e+06,0.1161
68.2735,584,8.2634e+08,8.2527e+08,1.0665e+06,0.1158
68.3884,585,8.2634e+08,8.2527e+08,1.0665e+06,0.1141
68.5049,586,8.2634e+08,8.2527e+08,1.0665e+06,0.1159
68.6218,587,8.2634e+08,8.2527e+08,1.0665e+06,0.1159
68.7380,588,8.2634e+08,8.2527e+08,1.0665e+06,0.1156
68.8538,589,8.2634e+08,8.2527e+08,1.0665e+06,0.1151
68.9701,590,8.2634e+08,8.2527e+08,1.0665e+06,0.1155
69.0854,591,8.2634e+08,8.2527e+08,1.0665e+06,0.1146
69.1995,592,8.2634e+08,8.2527e+08,1.0665e+06,0.1134
69.3170,593,8.2634e+08,8.2527e+08,1.0665e+06,0.1167
69.4339,594,8.2634e+08,8.2527e+08,1.0665e+06,0.1162
69.5496,595,8.2634e+08,8.2527e+08,1.0665e+06,0.1150
69.6647,596,8.2634e+08,8.2527e+08,1.0665e+06,0.1144
69.7810,597,8.2634e+08,8.2527e+08,1.0665e+06,0.1157
69.8966,598,8.2634e+08,8.2527e+08,1.0665e+06,0.1150
70.0124,599,8.2634e+08,8.2527e+08,1.0665e+06,0.1150
70.1282,600,8.2634e+08,8.2527e+08,1.0665e+06,0.1151
70.2574,601,8.2634e+08,8.2527e+08,1.0665e+06,0.1105
70.3719,602,8.2634e+08,8.2527e+08,1.0665e+06,0.1139
70.4894,603,8.2634e+08,8.2527e+08,1.0665e+06,0.1169
70.6053,604,8.2634e+08,8.2527e+08,1.0665e+06,0.1152
70.7202,605,8.2634e+08,8.2527e+08,1.0665e+06,0.1142
70.8360,606,8.2634e+08,8.2527e+08,1.0665e+06,0.1151
70.9520,607,8.2634e+08,8.2527e+08,1.0665e+06,0.1154
71.0677,608,8.2634e+08,8.2527e+08,1.0665e+06,0.1151
71.1853,609,8.2634e+08,8.2527e+08,1.0665e+06,0.1169
71.3018,610,8.2634e+08,8.2527e+08,1.0665e+06,0.1158
71.4175,611,8.2634e+08,8.2527e+08,1.0665e+06,0.1150
71.5328,612,8.2634e+08,8.2527e+08,1.0665e+06,0.1146
71.6511,613,8.2634e+08,8.2527e+08,1.0665e+06,0.1175
71.7683,614,8.2634e+08,8.2527e+08,1.0665e+06,0.1164
71.8844,615,8.2634e+08,8.2527e+08,1.0665e+06,0.1153
72.0001,616,8.2634e+08,8.2527e+08,1.0665e+06,0.1149
72.1155,617,8.2634e+08,8.2527e+08,1.0665e+06,0.1147
72.2319,618,8.2634e+08,8.2527e+08,1.0665e+06,0.1157
72.3479,619,8.2634e+08,8.2527e+08,1.0665e+06,0.1153
72.4629,620,8.2634e+08,8.2527e+08,1.0665e+06,0.1144
72.5790,621,8.2634e+08,8.2527e+08,1.0665e+06,0.1154
72.6948,622,8.2634e+08,8.2527e+08,1.0665e+06,0.1151
72.8110,623,8.2634e+08,8.2527e+08,1.0665e+06,0.1155
72.9258,624,8.2634e+08,8.2527e+08,1.0665e+06,0.1143
73.0423,625,8.2634e+08,8.2527e+08,1.0665e+06,0.1157
73.1575,626,8.2634e+08,8.2527e+08,1.0665e+06,0.1144
73.2720,627,8.2634e+08,8.2527e+08,1.0665e+06,0.1139
73.3880,628,8.2634e+08,8.2527e+08,1.0665e+06,0.1153
73.5039,629,8.2634e+08,8.2527e+08,1.0665e+06,0.1150
73.6192,630,8.2634e+08,8.2527e+08,1.0665e+06,0.1146
73.7348,631,8.2634e+08,8.2527e+08,1.0665e+06,0.1149
73.8513,632,8.2634e+08,8.2527e+08,1.0665e+06,0.1158
73.9665,633,8.2634e+08,8.2527e+08,1.0665e+06,0.1146
74.0824,634,8.2634e+08,8.2527e+08,1.0665e+06,0.1152
74.1995,635,8.2634e+08,8.2527e+08,1.0665e+06,0.1164
74.3157,636,8.2634e+08,8.2527e+08,1.0665e+06,0.1154
74.4372,637,8.2634e+08,8.2527e+08,1.0665e+06,0.1207
74.5533,638,8.2634e+08,8.2527e+08,1.0665e+06,0.1154
74.6681,639,8.2634e+08,8.2527e+08,1.0665e+06,0.1141
74.7856,640,8.2634e+08,8.2527e+08,1.0665e+06,0.1168
74.9024,641,8.2634e+08,8.2527e+08,1.0665e+06,0.1160
75.0174,642,8.2634e+08,8.2527e+08,1.0665e+06,0.1143
75.1331,643,8.2634e+08,8.2527e+08,1.0665e+06,0.1150
75.2490,644,8.2634e+08,8.2527e+08,1.0665e+06,0.1152
75.3647,645,8.2634e+08,8.2527e+08,1.0665e+06,0.1150
75.4827,646,8.2634e+08,8.2527e+08,1.0665e+06,0.1130
75.5997,647,8.2634e+08,8.2527e+08,1.0665e+06,0.1163
75.7158,648,8.2634e+08,8.2527e+08,1.0665e+06,0.1154
75.8308,649,8.2634e+08,8.2527e+08,1.0665e+06,0.1143
75.9466,650,8.2634e+08,8.2527e+08,1.0665e+06,0.1151
76.0637,651,8.2634e+08,8.2527e+08,1.0665e+06,0.1164
76.1806,652,8.2634e+08,8.2527e+08,1.0665e+06,0.1161
76.2957,653,8.2634e+08,8.2527e+08,1.0665e+06,0.1144
76.4121,654,8.2634e+08,8.2527e+08,1.0665e+06,0.1157
76.5283,655,8.2634e+08,8.2527e+08,1.0665e+06,0.1156
76.6446,656,8.2634e+08,8.2527e+08,1.0665e+06,0.1154
76.7598,657,8.2634e+08,8.2527e+08,1.0665e+06,0.1145
76.8763,658,8.2634e+08,8.2527e+08,1.0665e+06,0.1158
76.9928,659,8.2634e+08,8.2527e+08,1.0665e+06,0.1156
77.1085,660,8.2634e+08,8.2527e+08,1.0665e+06,0.1149
77.2245,661,8.2634e+08,8.2527e+08,1.0665e+06,0.1153
77.3416,662,8.2634e+08,8.2527e+08,1.0665e+06,0.1164
77.4576,663,8.2634e+08,8.2527e+08,1.0665e+06,0.1151
77.5732,664,8.2634e+08,8.2527e+08,1.0665e+06,0.1149
77.6899,665,8.2634e+08,8.2527e+08,1.0665e+06,0.1159
77.8074,666,8.2634e+08,8.2527e+08,1.0665e+06,0.1167
77.9230,667,8.2634e+08,8.2527e+08,1.0665e+06,0.1149
78.0371,668,8.2634e+08,8.2527e+08,1.0665e+06,0.1133
78.1531,669,8.2634e+08,8.2527e+08,1.0665e+06,0.1154
78.2684,670,8.2634e+08,8.2527e+08,1.0665e+06,0.1144
78.3830,671,8.2634e+08,8.2527e+08,1.0665e+06,0.1140
78.5002,672,8.2634e+08,8.2527e+08,1.0665e+06,0.1164
78.6173,673,8.2634e+08,8.2527e+08,1.0665e+06,0.1164
78.7336,674,8.2634e+08,8.2527e+08,1.0665e+06,0.1156
78.8480,675,8.2634e+08,8.2527e+08,1.0665e+06,0.1137
78.9651,676,8.2634e+08,8.2527e+08,1.0665e+06,0.1164
79.0818,677,8.2634e+08,8.2527e+08,1.0665e+06,0.1160
79.1975,678,8.2634e+08,8.2527e+08,1.0665e+06,0.1149
79.3127,679,8.2634e+08,8.2527e+08,1.0665e+06,0.1145
79.4297,680,8.2634e+08,8.2527e+08,1.0665e+06,0.1163
79.5454,681,8.2634e+08,8.2527e+08,1.0665e+06,0.1149
79.6628,682,8.2634e+08,8.2527e+08,1.0665e+06,0.1166
79.7802,683,8.2634e+08,8.2527e+08,1.0665e+06,0.1166
79.9000,684,8.2634e+08,8.2527e+08,1.0665e+06,0.1190
80.0169,685,8.2634e+08,8.2527e+08,1.0665e+06,0.1160
80.1325,686,8.2634e+08,8.2527e+08,1.0665e+06,0.1149
80.2475,687,8.2634e+08,8.2527e+08,1.0665e+06,0.1143
80.3642,688,8.2634e+08,8.2527e+08,1.0665e+06,0.1160
80.4809,689,8.2634e+08,8.2527e+08,1.0665e+06,0.1159
80.5974,690,8.2634e+08,8.2527e+08,1.0665e+06,0.1157
80.7127,691,8.2634e+08,8.2527e+08,1.0665e+06,0.1146
80.8308,692,8.2634e+08,8.2527e+08,1.0665e+06,0.1173
80.9514,693,8.2634e+08,8.2527e+08,1.0665e+06,0.1198
81.0685,694,8.2634e+08,8.2527e+08,1.0665e+06,0.1164
81.1865,695,8.2634e+08,8.2527e+08,1.0665e+06,0.1172
81.3004,696,8.2634e+08,8.2527e+08,1.0665e+06,0.1133
81.4191,697,8.2634e+08,8.2527e+08,1.0665e+06,0.1179
81.5379,698,8.2634e+08,8.2527e+08,1.0665e+06,0.1181
81.6533,699,8.2634e+08,8.2527e+08,1.0665e+06,0.1144
81.7704,700,8.2634e+08,8.2527e+08,1.0665e+06,0.1164
81.9035,701,8.2634e+08,8.2527e+08,1.0665e+06,0.1123
82.0189,702,8.2634e+08,8.2527e+08,1.0665e+06,0.1148
82.1345,703,8.2634e+08,8.2527e+08,1.0665e+06,0.1150
82.2507,704,8.2634e+08,8.2527e+08,1.0665e+06,0.1154
82.3672,705,8.2634e+08,8.2527e+08,1.0665e+06,0.1157
82.4849,706,8.2634e+08,8.2527e+08,1.0665e+06,0.1170
82.6005,707,8.2634e+08,8.2527e+08,1.0665e+06,0.1148
82.7183,708,8.2634e+08,8.2527e+08,1.0665e+06,0.1169
82.8353,709,8.2634e+08,8.2527e+08,1.0665e+06,0.1163
82.9512,710,8.2634e+08,8.2527e+08,1.0665e+06,0.1152
83.0664,711,8.2634e+08,8.2527e+08,1.0665e+06,0.1144
83.1824,712,8.2634e+08,8.2527e+08,1.0665e+06,0.1153
83.2987,713,8.2634e+08,8.2527e+08,1.0665e+06,0.1157
83.4149,714,8.2634e+08,8.2527e+08,1.0665e+06,0.1154
83.5286,715,8.2634e+08,8.2527e+08,1.0665e+06,0.1130
83.6450,716,8.2634e+08,8.2527e+08,1.0665e+06,0.1156
83.7613,717,8.2634e+08,8.2527e+08,1.0665e+06,0.1157
83.8760,718,8.2634e+08,8.2527e+08,1.0665e+06,0.1140
83.9926,719,8.2634e+08,8.2527e+08,1.0665e+06,0.1159
84.1094,720,8.2634e+08,8.2527e+08,1.0665e+06,0.1161
84.2248,721,8.2634e+08,8.2527e+08,1.0665e+06,0.1148
84.3387,722,8.2634e+08,8.2527e+08,1.0665e+06,0.1132
84.4554,723,8.2634e+08,8.2527e+08,1.0665e+06,0.1162
84.5721,724,8.2634e+08,8.2527e+08,1.0665e+06,0.1159
84.6872,725,8.2634e+08,8.2527e+08,1.0665e+06,0.1144
84.8060,726,8.2634e+08,8.2527e+08,1.0665e+06,0.1180
84.9242,727,8.2634e+08,8.2527e+08,1.0665e+06,0.1174
85.0419,728,8.2634e+08,8.2527e+08,1.0665e+06,0.1169
85.1618,729,8.2634e+08,8.2527e+08,1.0665e+06,0.1190
85.2771,730,8.2634e+08,8.2527e+08,1.0665e+06,0.1146
85.3923,731,8.2634e+08,8.2527e+08,1.0665e+06,0.1145
85.5092,732,8.2634e+08,8.2527e+08,1.0665e+06,0.1162
85.6278,733,8.2634e+08,8.2527e+08,1.0665e+06,0.1179
85.7444,734,8.2634e+08,8.2527e+08,1.0665e+06,0.1157
85.8613,735,8.2634e+08,8.2527e+08,1.0665e+06,0.1160
85.9793,736,8.2634e+08,8.2527e+08,1.0665e+06,0.1172
86.0978,737,8.2634e+08,8.2527e+08,1.0665e+06,0.1177
86.2138,738,8.2634e+08,8.2527e+08,1.0665e+06,0.1154
86.3279,739,8.2634e+08,8.2527e+08,1.0665e+06,0.1134
86.4445,740,8.2634e+08,8.2527e+08,1.0665e+06,0.1158
86.5605,741,8.2634e+08,8.2527e+08,1.0665e+06,0.1153
86.6766,742,8.2634e+08,8.2527e+08,1.0665e+06,0.1154
86.7914,743,8.2634e+08,8.2527e+08,1.0665e+06,0.1141
86.9084,744,8.2634e+08,8.2527e+08,1.0665e+06,0.1163
87.0248,745,8.2634e+08,8.2527e+08,1.0665e+06,0.1157
87.1389,746,8.2634e+08,8.2527e+08,1.0665e+06,0.1134
87.2549,747,8.2634e+08,8.2527e+08,1.0665e+06,0.1154
87.3720,748,8.2634e+08,8.2527e+08,1.0665e+06,0.1165
87.4891,749,8.2634e+08,8.2527e+08,1.0665e+06,0.1163
87.6062,750,8.2634e+08,8.2527e+08,1.0665e+06,0.1164
87.7222,751,8.2634e+08,8.2527e+08,1.0665e+06,0.1151
87.8396,752,8.2634e+08,8.2527e+08,1.0665e+06,0.1166
87.9555,753,8.2634e+08,8.2527e+08,1.0665e+06,0.1153
88.0702,754,8.2634e+08,8.2527e+08,1.0665e+06,0.1140
88.1865,755,8.2634e+08,8.2527e+08,1.0665e+06,0.1154
88.3017,756,8.2634e+08,8.2527e+08,1.0665e+06,0.1145
88.4158,757,8.2634e+08,8.2527e+08,1.0665e+06,0.1134
88.5336,758,8.2634e+08,8.2527e+08,1.0665e+06,0.1172
88.6502,759,8.2634e+08,8.2527e+08,1.0665e+06,0.1158
88.7692,760,8.2634e+08,8.2527e+08,1.0665e+06,0.1183
88.8851,761,8.2634e+08,8.2527e+08,1.0665e+06,0.1150
88.9998,762,8.2634e+08,8.2527e+08,1.0665e+06,0.1141
89.1156,763,8.2634e+08,8.2527e+08,1.0665e+06,0.1151
89.2321,764,8.2634e+08,8.2527e+08,1.0665e+06,0.1159
89.3468,765,8.2634e+08,8.2527e+08,1.0665e+06,0.1139
89.4624,766,8.2634e+08,8.2527e+08,1.0665e+06,0.1149
89.5782,767,8.2634e+08,8.2527e+08,1.0665e+06,0.1152
89.6945,768,8.2634e+08,8.2527e+08,1.0665e+06,0.1155
89.8094,769,8.2634e+08,8.2527e+08,1.0665e+06,0.1140
89.9275,770,8.2634e+08,8.2527e+08,1.0665e+06,0.1174
90.0437,771,8.2634e+08,8.2527e+08,1.0665e+06,0.1154
90.1595,772,8.2634e+08,8.2527e+08,1.0665e+06,0.1151
90.2749,773,8.2634e+08,8.2527e+08,1.0665e+06,0.1147
90.3926,774,8.2634e+08,8.2527e+08,1.0665e+06,0.1169
90.5095,775,8.2634e+08,8.2527e+08,1.0665e+06,0.1161
90.6252,776,8.2634e+08,8.2527e+08,1.0665e+06,0.1149
90.7418,777,8.2634e+08,8.2527e+08,1.0665e+06,0.1159
90.8579,778,8.2634e+08,8.2527e+08,1.0665e+06,0.1154
90.9729,779,8.2634e+08,8.2527e+08,1.0665e+06,0.1143
91.0880,780,8.2634e+08,8.2527e+08,1.0665e+06,0.1145
91.2053,781,8.2634e+08,8.2527e+08,1.0665e+06,0.1165
91.3210,782,8.2634e+08,8.2527e+08,1.0665e+06,0.1150
91.4363,783,8.2634e+08,8.2527e+08,1.0665e+06,0.1147
91.5511,784,8.2634e+08,8.2527e+08,1.0665e+06,0.1141
91.6674,785,8.2634e+08,8.2527e+08,1.0665e+06,0.1157
91.7873,786,8.2634e+08,8.2527e+08,1.0665e+06,0.1191
91.9027,787,8.2634e+08,8.2527e+08,1.0665e+06,0.1147
92.0173,788,8.2634e+08,8.2527e+08,1.0665e+06,0.1140
92.1334,789,8.2634e+08,8.2527e+08,1.0665e+06,0.1156
92.2495,790,8.2634e+08,8.2527e+08,1.0665e+06,0.1155
92.3642,791,8.2634e+08,8.2527e+08,1.0665e+06,0.1139
92.4811,792,8.2634e+08,8.2527e+08,1.0665e+06,0.1162
92.5980,793,8.2634e+08,8.2527e+08,1.0665e+06,0.1162
92.7135,794,8.2634e+08,8.2527e+08,1.0665e+06,0.1148
92.8279,795,8.2634e+08,8.2527e+08,1.0665e+06,0.1138
92.9469,796,8.2634e+08,8.2527e+08,1.0665e+06,0.1183
93.0631,797,8.2634e+08,8.2527e+08,1.0665e+06,0.1154
93.1789,798,8.2634e+08,8.2527e+08,1.0665e+06,0.1151
93.2936,799,8.2634e+08,8.2527e+08,1.0665e+06,0.1139
93.4098,800,8.2634e+08,8.2527e+08,1.0665e+06,0.1155
93.5429,801,8.2634e+08,8.2527e+08,1.0665e+06,0.1115
93.6585,802,8.2634e+08,8.2527e+08,1.0665e+06,0.1149
93.7758,803,8.2634e+08,8.2527e+08,1.0665e+06,0.1166
93.8918,804,8.2634e+08,8.2527e+08,1.0665e+06,0.1153
94.0071,805,8.2634e+08,8.2527e+08,1.0665e+06,0.1146
94.1241,806,8.2634e+08,8.2527e+08,1.0665e+06,0.1163
94.2404,807,8.2634e+08,8.2527e+08,1.0665e+06,0.1155
94.3581,808,8.2634e+08,8.2527e+08,1.0665e+06,0.1170
94.4749,809,8.2634e+08,8.2527e+08,1.0665e+06,0.1162
94.5906,810,8.2634e+08,8.2527e+08,1.0665e+06,0.1149
94.7073,811,8.2634e+08,8.2527e+08,1.0665e+06,0.1161
94.8234,812,8.2634e+08,8.2527e+08,1.0665e+06,0.1153
94.9382,813,8.2634e+08,8.2527e+08,1.0665e+06,0.1141
95.0530,814,8.2634e+08,8.2527e+08,1.0665e+06,0.1141
95.1695,815,8.2634e+08,8.2527e+08,1.0665e+06,0.1159
95.2855,816,8.2634e+08,8.2527e+08,1.0665e+06,0.1154
95.4009,817,8.2634e+08,8.2527e+08,1.0665e+06,0.1146
95.5181,818,8.2634e+08,8.2527e+08,1.0665e+06,0.1164
95.6342,819,8.2634e+08,8.2527e+08,1.0665e+06,0.1154
95.7492,820,8.2634e+08,8.2527e+08,1.0665e+06,0.1142
95.8648,821,8.2634e+08,8.2527e+08,1.0665e+06,0.1149
95.9818,822,8.2634e+08,8.2527e+08,1.0665e+06,0.1162
96.0976,823,8.2634e+08,8.2527e+08,1.0665e+06,0.1149
96.2124,824,8.2634e+08,8.2527e+08,1.0665e+06,0.1141
96.3288,825,8.2634e+08,8.2527e+08,1.0665e+06,0.1156
96.4465,826,8.2634e+08,8.2527e+08,1.0665e+06,0.1170
96.5639,827,8.2634e+08,8.2527e+08,1.0665e+06,0.1166
96.6788,828,8.2634e+08,8.2527e+08,1.0665e+06,0.1141
96.7972,829,8.2634e+08,8.2527e+08,1.0665e+06,0.1177
96.9144,830,8.2634e+08,8.2527e+08,1.0665e+06,0.1164
97.0314,831,8.2634e+08,8.2527e+08,1.0665e+06,0.1160
97.1484,832,8.2634e+08,8.2527e+08,1.0665e+06,0.1162
97.2631,833,8.2634e+08,8.2527e+08,1.0665e+06,0.1140
97.3789,834,8.2634e+08,8.2527e+08,1.0665e+06,0.1150
97.4941,835,8.2634e+08,8.2527e+08,1.0665e+06,0.1145
97.6091,836,8.2634e+08,8.2527e+08,1.0665e+06,0.1143
97.7302,837,8.2634e+08,8.2527e+08,1.0665e+06,0.1203
97.8464,838,8.2634e+08,8.2527e+08,1.0665e+06,0.1155
97.9621,839,8.2634e+08,8.2527e+08,1.0665e+06,0.1147
98.0767,840,8.2634e+08,8.2527e+08,1.0665e+06,0.1137
98.1923,841,8.2634e+08,8.2527e+08,1.0665e+06,0.1150
98.3082,842,8.2634e+08,8.2527e+08,1.0665e+06,0.1152
98.4239,843,8.2634e+08,8.2527e+08,1.0665e+06,0.1149
98.5390,844,8.2634e+08,8.2527e+08,1.0665e+06,0.1144
98.6552,845,8.2634e+08,8.2527e+08,1.0665e+06,0.1155
98.7730,846,8.2634e+08,8.2527e+08,1.0665e+06,0.1170
98.8889,847,8.2634e+08,8.2527e+08,1.0665e+06,0.1152
99.0050,848,8.2634e+08,8.2527e+08,1.0665e+06,0.1153
99.1227,849,8.2634e+08,8.2527e+08,1.0665e+06,0.1169
99.2388,850,8.2634e+08,8.2527e+08,1.0665e+06,0.1151
99.3540,851,8.2634e+08,8.2527e+08,1.0665e+06,0.1144
99.4704,852,8.2634e+08,8.2527e+08,1.0665e+06,0.1157
99.5878,853,8.2634e+08,8.2527e+08,1.0665e+06,0.1166
99.7050,854,8.2634e+08,8.2527e+08,1.0665e+06,0.1164
99.8199,855,8.2634e+08,8.2527e+08,1.0665e+06,0.1142
99.9359,856,8.2634e+08,8.2527e+08,1.0665e+06,0.1152
100.0520,857,8.2634e+08,8.2527e+08,1.0665e+06,0.1152
100.1685,858,8.2634e+08,8.2527e+08,1.0665e+06,0.1158
100.2832,859,8.2634e+08,8.2527e+08,1.0665e+06,0.1140
100.3988,860,8.2634e+08,8.2527e+08,1.0665e+06,0.1149
100.5143,861,8.2634e+08,8.2527e+08,1.0665e+06,0.1145
100.6279,862,8.2634e+08,8.2527e+08,1.0665e+06,0.1129
100.7447,863,8.2634e+08,8.2527e+08,1.0665e+06,0.1161
100.8622,864,8.2634e+08,8.2527e+08,1.0665e+06,0.1167
100.9781,865,8.2634e+08,8.2527e+08,1.0665e+06,0.1152
101.0924,866,8.2634e+08,8.2527e+08,1.0665e+06,0.1135
101.2089,867,8.2634e+08,8.2527e+08,1.0665e+06,0.1157
101.3269,868,8.2634e+08,8.2527e+08,1.0665e+06,0.1170
101.4421,869,8.2634e+08,8.2527e+08,1.0665e+06,0.1145
101.5572,870,8.2634e+08,8.2527e+08,1.0665e+06,0.1142
101.6734,871,8.2634e+08,8.2527e+08,1.0665e+06,0.1155
101.7896,872,8.2634e+08,8.2527e+08,1.0665e+06,0.1153
101.9047,873,8.2634e+08,8.2527e+08,1.0665e+06,0.1145
102.0211,874,8.2634e+08,8.2527e+08,1.0665e+06,0.1157
102.1387,875,8.2634e+08,8.2527e+08,1.0665e+06,0.1167
102.2544,876,8.2634e+08,8.2527e+08,1.0665e+06,0.1150
102.3688,877,8.2634e+08,8.2527e+08,1.0665e+06,0.1137
102.4858,878,8.2634e+08,8.2527e+08,1.0665e+06,0.1163
102.6094,879,8.2634e+08,8.2527e+08,1.0665e+06,0.1228
102.7264,880,8.2634e+08,8.2527e+08,1.0665e+06,0.1162
102.8423,881,8.2634e+08,8.2527e+08,1.0665e+06,0.1152
102.9562,882,8.2634e+08,8.2527e+08,1.0665e+06,0.1131
103.0727,883,8.2634e+08,8.2527e+08,1.0665e+06,0.1158
103.1888,884,8.2634e+08,8.2527e+08,1.0665e+06,0.1154
103.3057,885,8.2634e+08,8.2527e+08,1.0665e+06,0.1160
103.4219,886,8.2634e+08,8.2527e+08,1.0665e+06,0.1154
103.5393,887,8.2634e+08,8.2527e+08,1.0665e+06,0.1167
103.6557,888,8.2634e+08,8.2527e+08,1.0665e+06,0.1157
103.7725,889,8.2634e+08,8.2527e+08,1.0665e+06,0.1160
103.8867,890,8.2634e+08,8.2527e+08,1.0665e+06,0.1136
104.0026,891,8.2634e+08,8.2527e+08,1.0665e+06,0.1153
104.1174,892,8.2634e+08,8.2527e+08,1.0665e+06,0.1141
104.2319,893,8.2634e+08,8.2527e+08,1.0665e+06,0.1138
104.3491,894,8.2634e+08,8.2527e+08,1.0665e+06,0.1165
104.4672,895,8.2634e+08,8.2527e+08,1.0665e+06,0.1173
104.5840,896,8.2634e+08,8.2527e+08,1.0665e+06,0.1160
104.6990,897,8.2634e+08,8.2527e+08,1.0665e+06,0.1143
104.8193,898,8.2634e+08,8.2527e+08,1.0665e+06,0.1195
104.9357,899,8.2634e+08,8.2527e+08,1.0665e+06,0.1156
105.0544,900,8.2634e+08,8.2527e+08,1.0665e+06,0.1177
105.1929,901,8.2634e+08,8.2527e+08,1.0665e+06,0.1110
105.3067,902,8.2634e+08,8.2527e+08,1.0665e+06,0.1130
105.4232,903,8.2634e+08,8.2527e+08,1.0665e+06,0.1159
105.5392,904,8.2634e+08,8.2527e+08,1.0665e+06,0.1153
105.6559,905,8.2634e+08,8.2527e+08,1.0665e+06,0.1159
105.7714,906,8.2634e+08,8.2527e+08,1.0665e+06,0.1148
105.8867,907,8.2634e+08,8.2527e+08,1.0665e+06,0.1146
106.0020,908,8.2634e+08,8.2527e+08,1.0665e+06,0.1146
106.1172,909,8.2634e+08,8.2527e+08,1.0665e+06,0.1147
106.2340,910,8.2634e+08,8.2527e+08,1.0665e+06,0.1161
106.3498,911,8.2634e+08,8.2527e+08,1.0665e+06,0.1151
106.4653,912,8.2634e+08,8.2527e+08,1.0665e+06,0.1148
106.5816,913,8.2634e+08,8.2527e+08,1.0665e+06,0.1155
106.6997,914,8.2634e+08,8.2527e+08,1.0665e+06,0.1174
106.8161,915,8.2634e+08,8.2527e+08,1.0665e+06,0.1154
106.9315,916,8.2634e+08,8.2527e+08,1.0665e+06,0.1148
107.0456,917,8.2634e+08,8.2527e+08,1.0665e+06,0.1135
107.1623,918,8.2634e+08,8.2527e+08,1.0665e+06,0.1160
107.2784,919,8.2634e+08,8.2527e+08,1.0665e+06,0.1156
107.3932,920,8.2634e+08,8.2527e+08,1.0665e+06,0.1139
107.5096,921,8.2634e+08,8.2527e+08,1.0665e+06,0.1157
107.6256,922,8.2634e+08,8.2527e+08,1.0665e+06,0.1152
107.7408,923,8.2634e+08,8.2527e+08,1.0665e+06,0.1145
107.8611,924,8.2634e+08,8.2527e+08,1.0665e+06,0.1196
107.9772,925,8.2634e+08,8.2527e+08,1.0665e+06,0.1153
108.0940,926,8.2634e+08,8.2527e+08,1.0665e+06,0.1161
108.2101,927,8.2634e+08,8.2527e+08,1.0665e+06,0.1154
108.3262,928,8.2634e+08,8.2527e+08,1.0665e+06,0.1153
108.4428,929,8.2634e+08,8.2527e+08,1.0665e+06,0.1159
108.5607,930,8.2634e+08,8.2527e+08,1.0665e+06,0.1172
108.6768,931,8.2634e+08,8.2527e+08,1.0665e+06,0.1151
108.7961,932,8.2634e+08,8.2527e+08,1.0665e+06,0.1186
108.9113,933,8.2634e+08,8.2527e+08,1.0665e+06,0.1144
109.0288,934,8.2634e+08,8.2527e+08,1.0665e+06,0.1168
109.1470,935,8.2634e+08,8.2527e+08,1.0665e+06,0.1175
109.2621,936,8.2634e+08,8.2527e+08,1.0665e+06,0.1143
109.3764,937,8.2634e+08,8.2527e+08,1.0665e+06,0.1136
109.4920,938,8.2634e+08,8.2527e+08,1.0665e+06,0.1150
109.6063,939,8.2634e+08,8.2527e+08,1.0665e+06,0.1136
109.7218,940,8.2634e+08,8.2527e+08,1.0665e+06,0.1149
109.8392,941,8.2634e+08,8.2527e+08,1.0665e+06,0.1167
109.9561,942,8.2634e+08,8.2527e+08,1.0665e+06,0.1161
110.0717,943,8.2634e+08,8.2527e+08,1.0665e+06,0.1149
110.1862,944,8.2634e+08,8.2527e+08,1.0665e+06,0.1138
110.3024,945,8.2634e+08,8.2527e+08,1.0665e+06,0.1155
110.4183,946,8.2634e+08,8.2527e+08,1.0665e+06,0.1152
110.5331,947,8.2634e+08,8.2527e+08,1.0665e+06,0.1140
110.6496,948,8.2634e+08,8.2527e+08,1.0665e+06,0.1156
110.7665,949,8.2634e+08,8.2527e+08,1.0665e+06,0.1162
110.8824,950,8.2634e+08,8.2527e+08,1.0665e+06,0.1151
111.0009,951,8.2634e+08,8.2527e+08,1.0665e+06,0.1177
111.1168,952,8.2634e+08,8.2527e+08,1.0665e+06,0.1152
111.2325,953,8.2634e+08,8.2527e+08,1.0665e+06,0.1149
111.3476,954,8.2634e+08,8.2527e+08,1.0665e+06,0.1145
111.4616,955,8.2634e+08,8.2527e+08,1.0665e+06,0.1134
111.5791,956,8.2634e+08,8.2527e+08,1.0665e+06,0.1169
111.6968,957,8.2634e+08,8.2527e+08,1.0665e+06,0.1169
111.8118,958,8.2634e+08,8.2527e+08,1.0665e+06,0.1142
111.9268,959,8.2634e+08,8.2527e+08,1.0665e+06,0.1144
112.0432,960,8.2634e+08,8.2527e+08,1.0665e+06,0.1157
112.1590,961,8.2634e+08,8.2527e+08,1.0665e+06,0.1152
112.2732,962,8.2634e+08,8.2527e+08,1.0665e+06,0.1134
112.3885,963,8.2634e+08,8.2527e+08,1.0665e+06,0.1146
112.5047,964,8.2634e+08,8.2527e+08,1.0665e+06,0.1155
112.6242,965,8.2634e+08,8.2527e+08,1.0665e+06,0.1131
112.7401,966,8.2634e+08,8.2527e+08,1.0665e+06,0.1151
112.8587,967,8.2634e+08,8.2527e+08,1.0665e+06,0.1177
112.9768,968,8.2634e+08,8.2527e+08,1.0665e+06,0.1172
113.0944,969,8.2634e+08,8.2527e+08,1.0665e+06,0.1165
113.2102,970,8.2634e+08,8.2527e+08,1.0665e+06,0.1150
113.3255,971,8.2634e+08,8.2527e+08,1.0665e+06,0.1146
113.4430,972,8.2634e+08,8.2527e+08,1.0665e+06,0.1167
113.5594,973,8.2634e+08,8.2527e+08,1.0665e+06,0.1156
113.6736,974,8.2634e+08,8.2527e+08,1.0665e+06,0.1134
113.7895,975,8.2634e+08,8.2527e+08,1.0665e+06,0.1152
113.9051,976,8.2634e+08,8.2527e+08,1.0665e+06,0.1150
114.0207,977,8.2634e+08,8.2527e+08,1.0665e+06,0.1148
114.1362,978,8.2634e+08,8.2527e+08,1.0665e+06,0.1148
114.2520,979,8.2634e+08,8.2527e+08,1.0665e+06,0.1151
114.3671,980,8.2634e+08,8.2527e+08,1.0665e+06,0.1145
114.4817,981,8.2634e+08,8.2527e+08,1.0665e+06,0.1140
114.5989,982,8.2634e+08,8.2527e+08,1.0665e+06,0.1166
114.7154,983,8.2634e+08,8.2527e+08,1.0665e+06,0.1155
114.8307,984,8.2634e+08,8.2527e+08,1.0665e+06,0.1144
114.9499,985,8.2634e+08,8.2527e+08,1.0665e+06,0.1186
115.0662,986,8.2634e+08,8.2527e+08,1.0665e+06,0.1156
115.1825,987,8.2634e+08,8.2527e+08,1.0665e+06,0.1156
115.2981,988,8.2634e+08,8.2527e+08,1.0665e+06,0.1148
115.4128,989,8.2634e+08,8.2527e+08,1.0665e+06,0.1139
115.5291,990,8.2634e+08,8.2527e+08,1.0665e+06,0.1157
115.6458,991,8.2634e+08,8.2527e+08,1.0665e+06,0.1159
115.7621,992,8.2634e+08,8.2527e+08,1.0665e+06,0.1155
115.8809,993,8.2634e+08,8.2527e+08,1.0665e+06,0.1179
115.9973,994,8.2634e+08,8.2527e+08,1.0665e+06,0.1153
116.1134,995,8.2634e+08,8.2527e+08,1.0665e+06,0.1154
116.2288,996,8.2634e+08,8.2527e+08,1.0665e+06,0.1147
116.3447,997,8.2634e+08,8.2527e+08,1.0665e+06,0.1152
116.4613,998,8.2634e+08,8.2527e+08,1.0665e+06,0.1159
116.5772,999,8.2634e+08,8.2527e+08,1.0665e+06,0.1152
